State...UT,Confirmed.cases,Deceased.cases,Recovered.Cases,Susceptible,Action,Reward
0.0,0.0034394400632656225,0.0042777542192675546,0.009358905956471727,0.26840730724425244,0.012658227848101266,89.68602291180086
1.0,0.008954825362463973,0.011145009255070741,0.02284928464208865,0.13299627706163103,0.3459915611814346,0.0
2.0,0.0016515169331759677,0.002055447287928754,0.0045001131293130985,0.28574043206619987,0.22784810126582278,2.2653451545567512e-215
3.0,0.029905060787425487,0.03705193138291624,0.07786729473040827,1.0,0.11814345991561181,9.015866085957635e-06
4.0,0.0,0.0,0.0,0.0017211728967429334,0.29535864978902954,0.0
0.0,0.0034581143944642815,0.004280551609020054,0.009366419499050219,0.2683973241207741,0.27615062761506276,7.871446362228295e-308
1.0,0.009029389263792794,0.011154049030160311,0.02293826133072013,0.1329564158946595,0.14644351464435146,5.68439823342001e-65
2.0,0.0016621799094031758,0.002056736585196954,0.004505322670007161,0.28573473173845104,0.30962343096234307,0.0
3.0,0.030194979534938927,0.037118252932525,0.0780642900290775,0.9998450121386241,0.26359832635983266,3.1866734826094804e-148
4.0,3.520351474705697e-06,4.265989803964906e-07,3.407127028834476e-06,0.0017192909496421133,0.0041841004184100415,83.96400726039536
0.0,0.003477160643646567,0.004287199937018299,0.009374082952690632,0.26838714217340676,0.0033112582781456954,69.24090188023338
1.0,0.009101840958304675,0.011178480729290431,0.023024740291497307,0.13291768389377384,0.2847682119205298,2.926795996188604e-296
2.0,0.0016728633341875849,0.0020602609838672173,0.0045105422997050865,0.28572902047909404,0.2052980132450331,8.157122571463202e-174
3.0,0.03048576454541322,0.037239623206035556,0.07826190412182361,0.9996895611811397,0.19205298013245034,5.8314197996365485e-55
4.0,6.9585456613078015e-06,1.5817527261278042e-06,6.735081607570374e-06,0.0017174529230620898,0.31456953642384106,0.0
0.0,0.0034975131657756183,0.004297181314528838,0.009382272301515369,0.268376261904692,0.01951219512195122,35.83828812183422
1.0,0.009173518401520692,0.0112150999622931,0.023110317182316757,0.13287936580041756,0.2780487804878049,5.448719307861797e-281
2.0,0.0016840154203225544,0.002065662932505797,0.00451599100981658,0.28572305867774533,0.0,81.55098748788495
3.0,0.03078530775540355,0.03740693056795168,0.07846550180200303,0.9995294281717905,0.4195121951219512,0.0
4.0,1.0390962668233717e-05,3.3195715338461287e-06,1.0057781841538236e-05,0.0017156179849084977,0.28292682926829266,0.0
0.0,0.003519964099483558,0.004310273608765052,0.00939130636198212,0.26836425984469714,0.3125,0.0
1.0,0.00924544572517622,0.011261574177353684,0.023196214500673017,0.13284091412330637,0.30416666666666664,0.0
2.0,0.001696002554328732,0.0020727455636658574,0.004521847829320919,0.28571665046758443,0.004166666666666667,99.87392588197191
3.0,0.03109995183246542,0.03761440466209242,0.07867939801160688,0.9993612223795928,0.30416666666666664,1.5314611757458007e-219
4.0,1.3876534032601385e-05,5.537050704537748e-06,1.3432282624901851e-05,0.001713754630930632,0.075,3.799137033620286e-23
0.0,0.0035452379986965882,0.004326471394118586,0.00940147681488274,0.2683507486536436,0.0,41.317763769591544
1.0,0.009318416938101558,0.01131621621636124,0.023283381080372742,0.13280190439271697,0.48514851485148514,0.0
2.0,0.0017091433910810764,0.0020814278811073015,0.004528268481681317,0.285709625498684,0.0594059405940594,8.336157153160706e-12
3.0,0.03143501463044645,0.03785870238844133,0.07890721389117394,0.9991821009294238,0.07920792079207921,99.90961623050578
4.0,1.7461698896301375e-05,8.162589734222808e-06,1.690356631576628e-05,0.0017118380351958916,0.37623762376237624,0.0
0.0,0.003574045827033623,0.0043459365117397885,0.009413069942459398,0.2683353482570044,0.013888888888888888,81.8460982837544
1.0,0.009393057034579426,0.011377819149611185,0.023372564786060934,0.13276200249252865,0.013888888888888888,40.68132332490754
2.0,0.0017237331473190576,0.0020917150863836113,0.004535397255390786,0.28570182595092547,0.05555555555555555,4.955289471666221e-10
3.0,0.03179517011139591,0.03813826104061922,0.07915213559979144,0.9989895651647175,0.08333333333333333,83.96046565738033
4.0,2.1184003243080682e-05,1.1147693927753726e-05,2.0508022945713283e-05,0.001709848125971164,0.8333333333333334,0.0
0.0,0.003607126011975887,0.004368968701238482,0.009426383167062884,0.26831766389832773,0.1746987951807229,2.3582606584030905e-117
1.0,0.00946986822707777,0.011445531498356,0.023464367544844038,0.13272093994463494,0.4036144578313253,0.0
2.0,0.0017400614737117797,0.0021036791550483715,0.0045433757388404295,0.2856930969797597,0.16265060240963855,2.725968781386762e-107
3.0,0.03218472344684081,0.038452849714041594,0.07941710144414947,0.9987813135808848,0.06626506024096386,17.73266302964952
4.0,2.507475531387553e-05,1.446089268236872e-05,2.4276018662705058e-05,0.0017077681661625335,0.1927710843373494,4.506243567687693e-160
0.0,0.0036452775684818407,0.004395990318284878,0.00944173840810029,0.2682972684316608,0.0,41.005489349609
1.0,0.009549263616529066,0.011518766595729958,0.023559285450058972,0.13267849590912595,0.21212121212121213,3.836987351115889e-153
2.0,0.0017584259302087857,0.002117446801649203,0.004552349408712072,0.2856832795124099,0.42857142857142855,0.0
3.0,0.03260781271030275,0.038803260151810556,0.07970493929354086,0.9985551340023734,0.3593073593073593,0.0
4.0,2.916097046975848e-05,1.8083329303025884e-05,2.8233777572149747e-05,0.0017055837136096576,0.0,99.99920285698121
0.0,0.003689388930982836,0.004427541029470366,0.00945949372377578,0.26827368690823383,0.46236559139784944,0.0
1.0,0.00963159203191933,0.011597135963580082,0.023657738366859336,0.13263448390527574,0.07526881720430108,2.70198456823108e-10
2.0,0.0017791427939703461,0.00213319240169152,0.004562472916915834,0.28567220447005287,0.15591397849462366,3.273065125153308e-98
3.0,0.033068560122574524,0.03919109539743681,0.08001846986557895,0.9983088227283526,0.07526881720430108,79.80436338414657
4.0,3.34667797446267e-05,2.2005615145506273e-05,3.24047452994035e-05,0.0017032818680866313,0.23118279569892472,9.000627413111396e-231
0.0,0.0037404649544664765,0.004464279943326692,0.009480054231073655,0.26824638214193214,0.18791946308724833,5.223154850182225e-137
1.0,0.009717156839044217,0.011680399106435958,0.023760092366851265,0.13258874175655622,0.2483221476510067,9.850810383625614e-218
2.0,0.0018025561942915215,0.002151134547422625,0.004573914562249167,0.28565968788437346,0.18120805369127516,3.175234820013422e-134
3.0,0.033571188047701164,0.039618628853393255,0.08036058621002841,0.9980401225223418,0.0738255033557047,65.24158725021756
4.0,3.8014496034527044e-05,2.622549437836751e-05,3.6810621733265696e-05,0.0017008507013271112,0.3087248322147651,0.0
0.0,0.003799653946773385,0.004506993615130986,0.009503883058410528,0.26821474025808256,0.012345679012345678,92.24168501782444
1.0,0.009806229623217536,0.01176842727203231,0.02386667606404295,0.13254112427598888,0.2222222222222222,1.34020687300416e-169
2.0,0.0018290463284947709,0.0021715352814695803,0.004586860315673665,0.28564552650542524,0.1646090534979424,6.16265263056703e-110
3.0,0.03412011127169582,0.040088712973430626,0.08073431723567544,0.9977466732808692,0.21810699588477367,1.1045623942489037e-80
4.0,4.282539039118658e-05,3.074619713479813e-05,4.147211362839112e-05,0.0016982788420250132,0.38271604938271603,0.0
0.0,0.003868276099072095,0.004556609005248751,0.009531512887447786,0.26817805549478585,0.16279069767441862,9.801028829006838e-101
1.0,0.009899060574431585,0.011861176207503755,0.023977793029458943,0.13249149771433472,0.20930232558139536,6.930557748618829e-148
2.0,0.001859037355351356,0.0021947012925909062,0.004601517691335178,0.28562949358188083,0.20465116279069767,1.570197075305907e-172
3.0,0.03472001222642395,0.04060472617176745,0.08114287983571165,0.9974259718194832,0.08837209302325581,59.296776947267205
4.0,4.792028347926704e-05,3.557523544612048e-05,4.6409508694021174e-05,0.0016955551596469914,0.33488372093023255,0.0
0.0,0.003947854546626132,0.004614210917305397,0.009563558589360269,0.26813551359812066,0.18461538461538463,8.289457367622968e-132
1.0,0.009995886097803983,0.01195866649444719,0.02409373090468115,0.1324397356916204,0.3641025641025641,0.0
2.0,0.0018930053245707415,0.002220986767702052,0.0046181196394693945,0.28561133462200067,0.2923076923076923,0.0
3.0,0.03537590687546329,0.041170544008164396,0.08158972487650956,0.9970753366507868,0.08205128205128205,99.78719173297304
4.0,5.331998772389594e-05,4.0723559326988096e-05,5.1643105515039665e-05,0.0016926685280644685,0.07692307692307693,2.170676882141279e-24
0.0,0.0040401500026502855,0.004681063817653394,0.009600731346860791,0.2680861733072061,0.26422764227642276,2.6654116980573826e-280
1.0,0.010096934614121705,0.012060968838585153,0.024214768364115805,0.13238571609622124,0.028455284552845527,83.542076115953
2.0,0.0019314864910311455,0.0022507975825632577,0.004636928632663329,0.28559076294892294,0.3617886178861789,0.0
3.0,0.03609320352585049,0.04179053123111733,0.08207857862932354,0.9966918765442253,0.25609756097560976,3.0500869757231692e-130
4.0,5.904565272561382e-05,4.6204950359868594e-05,5.7193550196585916e-05,0.0016896076408980353,0.08943089430894309,2.0419278408940774e-33
0.0,0.004147199978653279,0.0047586381815122635,0.009643854686822747,0.2680289453873721,0.12666666666666668,3.3592587615075576e-58
1.0,0.010202430880676225,0.012168193417891415,0.024341180318631223,0.13232931877498322,0.023333333333333334,98.98938582821415
2.0,0.0019750862766266327,0.0022845967072647765,0.004658241075483872,0.2855674549097435,0.24,2.902500116461338e-239
3.0,0.036877758290199736,0.04246954845305027,0.08261348222359399,0.9962724608765537,0.2966666666666667,1.0271374964329757e-197
4.0,6.511903401395581e-05,5.2035606352637614e-05,6.308209916367516e-05,0.0016863608678442943,0.31333333333333335,0.0
0.0,0.004271363516008283,0.004848641676440696,0.00969388281746742,0.26796256871707885,0.29357798165137616,0.0
1.0,0.010312599296040198,0.012280482027985354,0.02447324191339065,0.13227042376652,0.2691131498470948,1.2035537520359404e-258
2.0,0.0020244890913109588,0.0023229108057336483,0.004682392142840842,0.2855410446252774,0.009174311926605505,81.72800753043899
3.0,0.037735929300838036,0.04321296984401802,0.08319883059188063,0.995813690649466,0.13761467889908258,1.380934907507072e-11
4.0,7.156271132809371e-05,5.823385628232308e-05,6.933083349365548e-05,0.0016829161379850431,0.290519877675841,0.0
0.0,0.004415372552830126,0.004953055770455691,0.009751921754534557,0.26788558282766234,0.1864406779661017,2.6179902186372983e-134
1.0,0.010427666400231251,0.01239800245006558,0.024611231571958606,0.13220890996464876,0.16101694915254236,1.5592339543925542e-79
2.0,0.0020804692332326924,0.0023663380006316397,0.004709761157006683,0.2855111181629483,0.3516949152542373,0.0
3.0,0.03867463088611007,0.044026710955847856,0.0838394118224319,0.9953118695274467,0.08050847457627118,89.49822177158188
4.0,7.840026887738456e-05,6.481997688793044e-05,7.596283685922157e-05,0.001679260843421692,0.22033898305084745,1.9886855321259738e-209
0.0,0.004582390605530666,0.005074178105992068,0.009819253542769087,0.2677962965327219,0.37551020408163266,0.0
1.0,0.010547862862786144,0.012520944244460921,0.024755433435450537,0.13214465405558415,0.12244897959183673,3.5547484442851917e-40
2.0,0.002143903052696712,0.0024155568667848177,0.004740777596622385,0.28547720703404766,0.00816326530612245,88.94657999690757
3.0,0.03970138945861387,0.0449172633140364,0.08454044815885198,0.9947629739604414,0.22448979591836735,8.706924375712802e-84
4.0,8.565645166299973e-05,7.181607840614496e-05,8.300235075510784e-05,0.0016753817557071463,0.2693877551020408,1.06588532724e-313
0.0,0.0047760806842324175,0.00521467201126865,0.009897364412792275,0.26769275162117273,0.009433962264150943,99.78548885334962
1.0,0.010673424991695235,0.0126495158821787,0.02490613923675528,0.13207752971127615,0.24528301886792453,1.2041378841334338e-209
2.0,0.002215782623222035,0.0024713367677075084,0.004775927861124632,0.28543878088531494,0.3113207547169811,0.0
3.0,0.04082440160153452,0.04589173625903753,0.08530763909809401,0.9941626221314434,0.1289308176100629,5.438203688809033e-07
4.0,9.335730167359319e-05,7.924605163529808e-05,9.047491076273796e-05,0.0016712649530368946,0.3050314465408805,0.0
0.0,0.005000683038950607,0.00537762349979351,0.009987977172963635,0.2675726812948611,0.031746031746031744,0.8790098266059648
1.0,0.010804595956914239,0.012783942692180479,0.025063649841443183,0.1320074069353319,0.3439153439153439,0.0
2.0,0.0022972311263270216,0.002534549642490575,0.004815762896666948,0.28539523927437466,0.37566137566137564,0.0
3.0,0.04205259453730506,0.04695790441450985,0.08614720677023023,0.9935060416305103,0.2328042328042328,3.896839695146707e-92
4.0,0.00010153028451294306,8.713555195878154e-05,9.840747412103763e-05,0.0016668957525550407,0.015873015873015872,8.304416523970389
0.0,0.005261104522315683,0.005566607148234504,0.010093088658881732,0.26743346239608584,0.19135802469135801,2.0135472136289787e-141
1.0,0.010941626789305759,0.012924465409495108,0.025228276525206324,0.13193415152899102,0.19753086419753085,1.163764268630599e-127
2.0,0.002389520169292091,0.002606183385958207,0.004860906797424274,0.28534590241182173,0.006172839506172839,98.293560038503
3.0,0.04339569212588185,0.04812426221516572,0.08706594606183107,0.992788034172703,0.09259259259259259,73.68004238673522
4.0,0.00011020440918562807,9.551201374845291e-05,0.00010682854130049797,0.0016622586463180059,0.5123456790123457,0.0
0.0,0.005563021001606865,0.005785761944673369,0.010215012942035053,0.267272060659079,0.0,35.22321181810894
1.0,0.011084777260714284,0.013071339192741947,0.02540034212528689,0.1318576246206456,0.4008810572687225,0.0
2.0,0.0024940893150711164,0.0026873570325119138,0.004912066527689352,0.2852900007207127,0.30837004405286345,0.0
3.0,0.044864281436328354,0.04940008134558705,0.08807127586269377,0.992002940009535,0.28634361233480177,1.8642462220114872e-169
4.0,0.00011941034482477856,0.00010440469234706986,0.00011576827541488326,0.001657337238892942,0.004405286343612335,83.19360928629138
0.0,0.0059129947712257755,0.006039878656220167,0.010356431266404674,0.26708496794239145,0.5444444444444444,0.0
1.0,0.011234316553850222,0.01322483308611455,0.025580181938225127,0.13177768230772655,0.011111111111111112,12.325004437726975
2.0,0.002612568119412627,0.0027793379515508956,0.004970042920571859,0.2852266630557263,0.0,78.11303307351592
3.0,0.046469885408183545,0.05079547509601439,0.08917129579679861,0.9911445990848827,0.0,2.9308084720359173e-33
4.0,0.0001291805328022626,0.00011384472241534065,0.00012525861774280862,0.001652114187424697,0.4444444444444444,0.0
0.0,0.006318609002941155,0.006334500408710936,0.010520449771200497,0.2668681303530447,0.37790697674418605,0.0
1.0,0.011390523889357738,0.013385229702852337,0.02576814458147177,0.13169417532147884,0.023255813953488372,93.88326362239712
2.0,0.002746800865407611,0.0028835612083229246,0.005035743058008607,0.2851549034803045,0.43023255813953487,0.0
3.0,0.048225041202151556,0.0523214690546502,0.09037484830449545,0.9902063091494372,0.011627906976744186,1.1723260194644994e-25
4.0,0.00013954930144170703,0.00012386519279799016,0.00013533340679728175,0.0016465711403112794,0.1569767441860465,1.4686206076506746e-105
0.0,0.006788620172960664,0.006676037330063759,0.010710665646741354,0.26661686676043833,0.3987341772151899,0.0
1.0,0.011553689127371926,0.013552825049758117,0.025964592837372777,0.13160694870537476,0.0189873417721519,61.457744767568926
2.0,0.002898874603559185,0.003001651573593715,0.005110194353450905,0.28507360627669237,0.4050632911392405,0.0
3.0,0.05014338188804682,0.05399007637633793,0.09169158460057171,0.9891807820910888,0.17721518987341772,1.7157535762222902e-30
4.0,0.0001505529861614803,0.00013450123498250652,0.00014602850381169238,0.0016406886729765507,0.0,99.97867794954686
0.0,0.007333131715084542,0.007071898091460026,0.010931243491709482,0.26632577596299195,0.010638297872340425,99.91421967646536
1.0,0.011724113271910632,0.01372792858240251,0.026169904387697746,0.1315158415454707,0.02127659574468085,78.70648009473943
2.0,0.0030711505841307368,0.003135448249599845,0.005194560396988912,0.28498150914249787,0.5425531914893617,0.0
3.0,0.052239721794356646,0.055814377453023485,0.09313203491127288,0.9880600983078468,0.1276595744680851,0.0006645903697230486
4.0,0.00016223004829879923,0.00014579012302642723,0.00015738191788843237,0.001634446224347958,0.2978723404255319,0.0
0.0,0.007963790823911297,0.007530640170560191,0.011187003181881712,0.265988631478985,0.0,28.607810761070983
1.0,0.011902108954416133,0.01391086335263298,0.02638447253577258,0.13142068671191026,0.2597402597402597,3.200902564138706e-235
2.0,0.0032662996713704673,0.0032870327999871248,0.005290158885328368,0.2848771842585772,0.21212121212121213,1.6322859738120468e-184
3.0,0.05453014836478268,0.057808606936021856,0.09470768573880102,0.9868356576021876,0.27705627705627706,3.9147478821762665e-143
4.0,0.00017462119919381804,0.0001577713825470599,0.0001694339375573407,0.0016278220305223495,0.2510822510822511,3.803407614290628e-272
0.0,0.008694010005576264,0.008062140550514286,0.011483520611661042,0.2655982631075958,0.2804232804232804,7.6016111474e-313
1.0,0.012088000902578425,0.014101966218837202,0.026608706923777276,0.13132131060829572,0.47619047619047616,0.0
2.0,0.00348734211789318,0.0034587605997808517,0.005398481857731128,0.2847590170260208,0.037037037037037035,0.00449490137496903
3.0,0.05703211802651388,0.05998824584354713,0.09643106252932533,0.9854981279307703,0.20634920634920634,3.3771309598994814e-51
4.0,0.00018776952908860546,0.00017048690854983462,0.00018222726842684014,0.0016207930558577686,0.0,99.96679873548177
0.0,0.009539215555053418,0.008677789402171801,0.011827243173193905,0.2651464240952514,0.3036649214659686,0.0
1.0,0.012282126386387412,0.014301588135459275,0.02684303423631114,0.13121753293323266,0.09947643979057591,1.2254904298309201e-21
2.0,0.0037376921655916727,0.0036532961992095606,0.005521218514047849,0.2846251822229218,0.24083769633507854,3.269248266658239e-239
3.0,0.05976455590399969,0.062370118845837375,0.09831581816703765,0.9840373920983808,0.09424083769633508,84.69999372915184
4.0,0.00020172064083407468,0.00018398109222003814,0.00019580717709110897,0.0016133349214949716,0.2617801047120419,6.732257620800732e-296
0.0,0.010517124460024715,0.009390708835502942,0.012225621816760712,0.2646236431053982,0.17647058823529413,6.965372134664745e-116
1.0,0.012484835651922287,0.014510094489762508,0.0270878989039312,0.1311091664484302,0.12352941176470589,4.040363988209838e-39
2.0,0.004021208348141467,0.0038736533423544355,0.005660281121697145,0.28447361711312547,0.11176470588235295,1.2778513297783552e-47
3.0,0.06274795757594477,0.0649724952547811,0.10037682618801357,0.9824424933595919,0.10588235294117647,73.85191486026346
4.0,0.00021652278899681685,0.00019830095557818363,0.0002102216420415052,0.001605421830992236,0.4823529411764706,0.0
0.0,0.011648049895982913,0.010215998224016028,0.012687261381703238,0.2640190609036668,0.014705882352941176,96.00707433408826
1.0,0.012696492345999844,0.01472786547351797,0.027343763811532078,0.13099601675168812,0.20955882352941177,6.369739693026399e-143
2.0,0.004342249430711298,0.004123239620443281,0.005817834030302035,0.2843019915413813,0.14705882352941177,2.3041963109416423e-85
3.0,0.06600450063794493,0.06781520196307751,0.10263028687418986,0.9807015757784171,0.34558823529411764,4.387334622775153e-255
4.0,0.00023222702413085725,0.00021349629339714813,0.00022552151150543638,0.0015970264931989865,0.28308823529411764,0.0
0.0,0.012955236107326764,0.01117100880945831,0.013222091848105235,0.26332025133355774,0.009478672985781991,86.92436199945709
1.0,0.012917473932095622,0.014955296484173604,0.02761111101328711,0.13087788205454895,0.33175355450236965,0.0
2.0,0.004705736967000081,0.004405906616804935,0.005996326396370709,0.2841076744909339,0.018957345971563982,18.63962892687238
3.0,0.06955815410439967,0.07091973643745274,0.1050938358932921,0.978801825743067,0.4549763033175355,0.0
4.0,0.00024888734206553946,0.00022961982203851178,0.00024176066828930323,0.0015881200424479151,0.1848341232227488,1.0399687126896377e-146
0.0,0.014465220684932655,0.012275648332889596,0.013841562485209551,0.2625130276462277,0.5,0.0
1.0,0.013148172098947341,0.015192798546802699,0.027890442457146458,0.13075455296386274,0.15333333333333332,4.5684898551239773e-67
2.0,0.0051172252346473185,0.004726006243083218,0.006198529121546047,0.2838876966967037,0.16,1.8539901135414464e-101
3.0,0.07343478507944633,0.07430938001797587,0.10778665647330482,0.9767294149406622,0.1,54.53539801286793
4.0,0.0002665608504338253,0.0002467273469834372,0.0002589962152421466,0.0015786719495304823,0.08666666666666667,3.7526150378711507e-31
0.0,0.016208219844270285,0.013552715576404984,0.014558860769919895,0.2615812365343976,0.02247191011235955,53.463901456340736
1.0,0.013388993161879803,0.015440798751193524,0.02818228072037732,0.1306258122672423,0.21910112359550563,5.0077371093166973e-157
2.0,0.005582978980747135,0.005088453691804928,0.006427576375424013,0.2836387090832603,0.1853932584269663,7.962631195457805e-138
3.0,0.07766227136028346,0.0780093219138921,0.11072960426066905,0.9744694401605454,0.028089887640449437,2.190927914012566e-28
4.0,0.0002853079227188338,0.00026487791947112235,0.0002772886490285487,0.0015686499393450931,0.5449438202247191,0.0
0.0,0.018218530142396834,0.015028263964037168,0.015389157815724199,0.26050654337819046,0.3069306930693069,0.0
1.0,0.01364035845622098,0.015699740699798282,0.02848716975684931,0.1304914347227467,0.1485148514851485,2.7085597821575716e-61
2.0,0.006110059685096014,0.005498797735977518,0.006687012264753874,0.283356936649293,0.2838283828382838,0.0
3.0,0.08227061148210364,0.0820467844933505,0.11394533864882021,0.9720058644652858,0.2607260726072607,2.710573206002334e-92
4.0,0.00030519236782684366,0.0002841340100450244,0.00029670205331067237,0.001558019900244928,0.0,99.91200662845401
0.0,0.020534936505611546,0.016731993397215185,0.01634988433495606,0.2592682141173488,0.17647058823529413,4.4957488035579055e-110
1.0,0.013902704721832486,0.015970084962421933,0.02880567565649649,0.13035118685331484,0.022058823529411766,63.432100461811004
2.0,0.006706420917521943,0.005963299013599439,0.006980843190983786,0.2830381274904718,0.19117647058823528,4.492018882483123e-146
3.0,0.08729202957448164,0.08645114889570142,0.11745846013878342,0.9693214611354306,0.19852941176470587,2.857581739424806e-27
4.0,0.000326281609780485,0.000304561693598007,0.00031730430569575384,0.0015467457879756452,0.4117647058823529,0.0
0.0,0.02320110892643036,0.018697659517869936,0.017461033567189834,0.25784290318072756,0.11274509803921569,3.716841679076054e-38
1.0,0.014176484477267114,0.01625230953414771,0.029138387416895815,0.1302048267467443,0.36764705882352944,0.0
2.0,0.007381013568083282,0.006489017143186037,0.00731359662671922,0.2826774965443629,0.014705882352941176,57.89964790121718
3.0,0.09276107388751793,0.0912540815650553,0.1212956548380072,0.9663977609983468,0.11274509803921569,48.136945033349114
4.0,0.00034864686894685727,0.0003262308374780814,0.00033916728951028356,0.0015347895287925219,0.39215686274509803,0.0
0.0,0.026265966503767092,0.020963498653043606,0.01874549645334879,0.256204458873805,0.30970149253731344,0.0
1.0,0.014462166381759794,0.016546910293296788,0.029485917726529837,0.13005210386217442,0.21641791044776118,1.7458387649957178e-150
2.0,0.008143900958828235,0.00708390698387095,0.007690386705902506,0.28226966405275483,0.16417910447761194,4.434509676937442e-105
3.0,0.09871470568322263,0.09648965880785917,0.1254858455321387,0.9632150049077157,0.12313432835820895,94.62047173791213
4.0,0.0003723633530228678,0.00034921530104767707,0.0003623671200695862,0.001522110917361475,0.1865671641791045,2.6328964820144784e-149
0.0,0.02978397698737398,0.023572649108294416,0.020229425531732393,0.2543237632450155,0.2971246006389776,0.0
1.0,0.014760235582806423,0.016854401456304447,0.029848903759003433,0.1298927588442737,0.22044728434504793,1.7006624860607892e-156
2.0,0.009006384890225752,0.007756925306689498,0.008116987755504816,0.2818085881784108,0.24920127795527156,3.810188702929404e-251
3.0,0.10519237454907514,0.10219448717129882,0.13006034858543117,0.959752103481605,0.12779552715654952,94.99991766736753
4.0,0.0003975104476536535,0.0003735931363101898,0.0003869843740790969,0.001508667514856208,0.10543130990415335,1.1983926529332333e-46
0.0,0.03381534850254663,0.0265735531915458,0.021942628051830296,0.25216862959150843,0.36893203883495146,0.0
1.0,0.015071193547849967,0.017175315465197186,0.03022800721247768,0.12972652361321915,0.06796116504854369,6.554708511713928e-05
2.0,0.00998114230524534,0.0085181480496167,0.008599916234625391,0.2812874919457248,0.32524271844660196,0.0
3.0,0.11223607564062783,0.10840781683932589,0.13505303576916727,0.9559866065011067,0.23786407766990292,1.243351940689834e-44
4.0,0.0004241719159807463,0.0003994467997517312,0.0004131043339847074,0.0014944145422816427,0.0,99.82949034241531
0.0,0.038426065495013005,0.030020307181062127,0.02391897476957061,0.2497037832433456,0.17682926829268292,2.8522291092126195e-100
1.0,0.015395560876183463,0.017510206240009697,0.030623918955310192,0.12955311986147894,0.25,9.818026978435051e-208
2.0,0.011082372376629759,0.009378898641022435,0.009146521836718777,0.28069878460923586,0.13109756097560976,2.5791801421181915e-63
3.0,0.11989038371346764,0.11517164438762943,0.14050049988357194,0.9518946847171673,0.1524390243902439,24.044024689524495
4.0,0.0004524361089540479,0.0004268633771411889,0.0004408172498218377,0.0014793047680430951,0.2896341463414634,0.0
0.0,0.04368768874212513,0.0339729268864569,0.026196821949047207,0.24689096847565464,0.24573378839590443,4.845610103958037e-208
1.0,0.015733873078448788,0.017859644533857737,0.03103735294998934,0.12937226131005294,0.30716723549488056,0.0
2.0,0.012325953577859356,0.010351887841749651,0.009765088613502008,0.2800339776849542,0.013651877133105802,85.9786436726486
3.0,0.128202457885713,0.1225308008461593,0.1464422226002791,0.9474511273046013,0.18771331058020477,4.005441106812104e-06
4.0,0.00048239617445765195,0.0004559348091737345,0.00047021860545847573,0.0014632883961495403,0.24573378839590443,5.669538385370385e-260
0.0,0.04967685690651861,0.03849749296310468,0.028819446056922892,0.2436892149733991,0.2932098765432099,2.6192052785140663e-302
1.0,0.01608668461710295,0.018224222585639178,0.03146905283949124,0.1291836515484774,0.16358024691358025,1.5885014233029379e-74
2.0,0.013729609544002899,0.011451365083815961,0.010464946846445966,0.2792835962826953,0.1419753086419753,7.742421327092441e-74
3.0,0.13722201028177308,0.13053302019713803,0.1529207425764273,0.9426293586248455,0.15123456790123457,97.19685312017678
4.0,0.000514150272217059,0.00048675812578213623,0.0005014093982768895,0.0014463129513262347,0.25,4.504572891573722e-269
0.0,0.05647437890781184,0.04366609433789999,0.03183545361971846,0.24005532304101188,0.27835051546391754,1.2040698858584771e-262
1.0,0.016454567890718558,0.018604553144578834,0.0319197909376021,0.12898698457780813,0.13402061855670103,5.328790411151221e-44
2.0,0.015313081824104418,0.012693280990930856,0.011256596362318442,0.2784370867542635,0.03608247422680412,0.21054161879005812
3.0,0.14700123087064437,0.13922898261047237,0.1599818214341,0.9374014784067053,0.5051546391752577,0.0
4.0,0.0005478017926607309,0.0005194356874078792,0.0005344964311140613,0.0014283231620133702,0.04639175257731959,7.366712321708704e-08
0.0,0.06416381422515678,0.04955651586671418,0.03529915338290611,0.23594462255942508,0.03787878787878788,93.56206797473268
1.0,0.016838111516962042,0.019001267606953885,0.03239036584750749,0.12878194572852458,0.35984848484848486,0.0
2.0,0.01709830668353312,0.014095460280063551,0.012151841900626861,0.27748272217656283,0.2803030303030303,5.251615223602e-311
3.0,0.15759465992675156,0.14867232595211868,0.1676746046358578,0.9317383299276005,0.011363636363636364,7.732381715241252e-105
4.0,0.000583459578631478,0.0005540754324026793,0.0005695926162641437,0.0014092608418412207,0.3106060606060606,0.0
0.0,0.07282942576552721,0.05625157802813375,0.03927085951499139,0.23131206736361062,0.33771929824561403,0.0
1.0,0.01723792442471595,0.01941502088996709,0.03288160972878111,0.12856820947291928,0.14912280701754385,2.0799856931536963e-57
2.0,0.019109591905769482,0.015677783575124848,0.013163940990656502,0.27640750783500956,0.008771929824561403,82.45663882394918
3.0,0.1690589987697961,0.1589196181864854,0.17605177369996333,0.9256096011902802,0.09210526315789473,2.4842518825398684e-29
4.0,0.0006212381489518587,0.0005907911300295677,0.000606817291592334,0.0013890647701141658,0.41228070175438597,0.0
0.0,0.0825534401772921,0.06383805650859034,0.04381708372673272,0.2261136998534199,0.04524886877828054,97.97086138474987
1.0,0.017654634296630244,0.019846489826708905,0.03339438642335752,0.12834544025769534,0.049773755656108594,6.836889121362817
2.0,0.021373788028846288,0.01746237582987042,0.014307764570084425,0.2751970896821259,0.416289592760181,0.0
3.0,0.181452848755355,0.17003028241083262,0.18516968553109056,0.9189839644560157,0.2171945701357466,0.003514836908810941
4.0,0.0006612579226723974,0.0006297026382970318,0.0006462965487330991,0.0013676705719296856,0.27149321266968324,2.570574e-317
0.0,0.09341240844596826,0.07240501359200827,0.04901057950290869,0.2203085965851872,0.3401360544217687,0.0
1.0,0.018088886332550347,0.02029637187908464,0.03392959009711248,0.1281132931650265,0.3401360544217687,0.0
2.0,0.02392044660103231,0.019473797973868792,0.01559997026198851,0.27383566973552614,0.013605442176870748,96.09994687484004
3.0,0.1948363690932951,0.18206646622248307,0.1950884941888796,0.9118292591716889,0.10884353741496598,4.969813824069948e-31
4.0,0.0007036454426306259,0.0006709361657139726,0.000688163573257715,0.0013450105986657808,0.19727891156462585,1.4262857176685398e-166
0.0,0.10547286121977227,0.08204157112914398,0.05493016406772673,0.21386119089421254,0.1111111111111111,1.960507160250756e-12
1.0,0.018541344179560968,0.020765386465403792,0.03448814756199367,0.12787141341536412,0.047619047619047616,17.831469092577837
2.0,0.026781955781046852,0.021739237029676943,0.017059187804378744,0.272305933587305,0.4126984126984127,0.0
3.0,0.2092708384829565,0.19509284262517743,0.20587224839533963,0.9041127263155391,0.3888888888888889,3.4093327636995433e-144
4.0,0.0007485335967292025,0.0007146245358889912,0.0007325589965906621,0.0013210138096877468,0.03968253968253968,2.5781850866345747e-05
0.0,0.11878604210985134,0.0928339284579057,0.061660272180093983,0.20674408842339065,0.0625,99.2973374870925
1.0,0.019012690017464685,0.02125427534035933,0.035071019272945855,0.1276194363217414,0.265625,1.4130863185867948e-229
2.0,0.029993641231094915,0.024288688355638875,0.01870621548780119,0.27058899646756124,0.18359375,8.403394162293202e-117
3.0,0.22481811463527135,0.20917633488849607,0.21758895902345352,0.8958012973316027,0.23828125,1.3819024370935158
4.0,0.0007960618351018898,0.0007609074536935226,0.0007796312593408145,0.0012956056562532722,0.25,1.8040843109186828e-268
0.0,0.13338213792872228,0.10486171170171331,0.0692901891610775,0.19894115158398729,0.06944444444444445,99.9762081382658
1.0,0.01950362432766307,0.02176380253152149,0.03567919989407894,0.12735698741332702,0.13425925925925927,6.239362129496898e-41
2.0,0.03359381744170012,0.027155121876105325,0.020564225796964045,0.26866437580662017,0.17592592592592593,1.490119167221089e-103
3.0,0.24153998254050885,0.22438575507889896,0.23031062996870214,0.8868619425397054,0.3333333333333333,8.042381816501433e-45
4.0,0.0008463763810753675,0.0008099317714909681,0.0008295369855802067,0.0012687079687342083,0.28703703703703703,0.0
0.0,0.14926382851784872,0.11819342412658125,0.07791283912650065,0.1904509477577228,0.0457516339869281,0.003220363703816385
1.0,0.02001486570425033,0.022294754422129644,0.03631371903072349,0.1270836825364131,0.032679738562091505,87.62900456884333
2.0,0.03762376695931633,0.03037462005743095,0.022658977947907933,0.2665100023397587,0.5032679738562091,0.0
3.0,0.2594973778119611,0.24079134266842828,0.2441132423960681,0.8772620863286915,0.35294117647058826,3.666481513031518e-50
4.0,0.0008996304335419109,0.0008618517536934147,0.0008824413674510963,0.0012402388484300322,0.06535947712418301,8.813065771844972e-17
0.0,0.1664003422734948,0.13288146761548963,0.08762316911721442,0.18128992715726908,0.3686868686868687,0.0
1.0,0.02054715058681048,0.022847939760118494,0.03697564193100758,0.12679912799725915,0.04040404040404041,88.91056928864991
2.0,0.04212763219370318,0.03398647580164726,0.025019032241333408,0.2641022779459746,0.050505050505050504,0.1510414338578948
3.0,0.2787494803122375,0.25846419247310753,0.2590766842059976,0.8669700916953624,0.15151515151515152,5.680314464431491e-49
4.0,0.000955984358051462,0.0009168293376403683,0.0009385185593114773,0.0012101125654118,0.3888888888888889,0.0
0.0,0.1847219948180073,0.148956695833071,0.09851602534532626,0.17149534240170095,0.2925764192139738,2.7999192191946916e-162
1.0,0.021101232911961972,0.0234241895858059,0.037666070149974626,0.12650292074837297,0.1222707423580786,8.192485907367298e-30
2.0,0.04715218958260274,0.03803323316131673,0.027675961963641048,0.2614161963774464,0.2096069868995633,1.7918973826931307e-142
3.0,0.29935267538097493,0.2774755629073292,0.2752846152653277,0.8559558155624657,0.27510917030567683,99.96922380297653
4.0,0.0010156058635919785,0.0009750343885015685,0.0009979520804358905,0.0011782394640170203,0.10043668122270742,1.1394554404274417e-41
0.0,0.20411613591763617,0.16642283832775032,0.11068351474418589,0.16112741525646881,0.14285714285714285,0.0031947281733988257
1.0,0.02167788365369786,0.0240243570791234,0.03838614218611538,0.1261946486342407,0.04285714285714286,81.88138830286753
2.0,0.05274647481117987,0.04256065081884597,0.030664554851838464,0.2584255436137287,0.3,9.0346686863e-314
3.0,0.3213593816884617,0.2978960559866811,0.2928242577464428,0.8441912353972266,0.2857142857142857,60.31936298241215
4.0,0.0010786701616584465,0.0010366449455867077,0.0010609352250720548,0.0011445258778128437,0.22857142857142856,1.6022359086461486e-223
0.0,0.22442544568190004,0.1852512950099004,0.12421195230497352,0.15027024746934423,0.24745762711864408,1.0785877373754053e-64
1.0,0.022277890318909727,0.02464931734173529,0.03913703400309472,0.125873890661015,0.22033898305084745,2.529963589426505e-141
2.0,0.05896123077455354,0.04761756364156455,0.03402299615962626,0.25510319297584,0.22033898305084745,1.739989936525803e-149
3.0,0.34481675088602426,0.319794661550988,0.3117861008256028,0.831651144366137,0.3016949152542373,36.12011540654445
4.0,0.0011453601038337224,0.0011018474570975729,0.0011276714784120188,0.001108874056046618,0.010169491525423728,44.15141994478896
0.0,0.2454492565037291,0.2053769062581403,0.13917840445666066,0.1390311140735354,0.17704918032786884,5.9070053857710306e-05
1.0,0.022902056213543995,0.025299967032239832,0.039919959625136635,0.12554021738882093,0.2754098360655738,1.445114203841083e-239
2.0,0.06584814184474404,0.05325561633632366,0.037793020787677864,0.2514215144800187,0.03278688524590164,77.83228001580387
3.0,0.3697652511277441,0.3432376644868439,0.3322635102335272,0.818313908571049,0.28852459016393445,4.915210340967587e-07
4.0,0.001215866293681178,0.0011708369999825596,0.0011983749367675165,0.0010711821038291332,0.2262295081967213,1.1955556974702587e-218
0.0,0.26694827697928997,0.2266951853351841,0.15564705066490797,0.12753793802415964,0.15879828326180256,90.54686094500735
1.0,0.02355119971421656,0.02597722394141533,0.040736171522726114,0.12519319132114407,0.034334763948497854,66.37961435870349
2.0,0.07345882360449776,0.059528840803323275,0.04202002101751934,0.24735291491660813,0.3133047210300429,2.394736e-318
3.0,0.39623715168893314,0.36828741282018523,0.35435223104923813,0.8041622771580192,0.33047210300429186,0.3337260045131406
4.0,0.001290387168322684,0.00124381748114961,0.0012732707299415865,0.001031343938523794,0.1630901287553648,1.9112265125262264e-112
0.0,0.28865313155936284,0.24906163033138554,0.1736655185637032,0.11593472498017704,0.18831168831168832,11.705599336828469
1.0,0.024226153370862116,0.026682026443744115,0.04158696098202444,0.1248323673845459,0.1331168831168831,4.1304319118558785e-35
2.0,0.08184353553631421,0.06649304275778098,0.046753093764362784,0.24287052603450934,0.2824675324675325,5.015967745844419e-240
3.0,0.42425493629267486,0.3950009547202329,0.3781497750913022,0.7891842305381583,0.2857142857142857,7.807123374607505e-36
4.0,0.0013691290446179098,0.001321001815861757,0.0013525954434601567,0.0009892492650595795,0.11038961038961038,2.324996542683792e-50
0.0,0.3102761823832658,0.2722935817245379,0.19326145801948297,0.10437524346211338,0.183206106870229,36.38182434085302
1.0,0.02492776284866753,0.027415332820727008,0.042473658406533076,0.1244572934942961,0.03816793893129771,83.07783870074752
2.0,0.091049604929832,0.07420497283263758,0.052045008712257285,0.23794904710560896,0.22900763358778625,9.938853896050163e-135
3.0,0.4538296698736761,0.4234285420321392,0.40375467492555817,0.7733738535004592,0.5190839694656488,1.718537438268892e-56
4.0,0.0014523061243940352,0.0014026120786807639,0.0014365975379671604,0.0009447835731353042,0.030534351145038167,0.021033845171278397
0.0,0.33152585461903133,0.2961748338392296,0.21443964680700137,0.09301536665866503,0.21359223300970873,99.28446210617257
1.0,0.025656885749908664,0.028178120448407867,0.043397633507245875,0.12406751118420797,0.284789644012945,8.632949854490712e-252
2.0,0.10111953717198724,0.08272124319006405,0.057952073719000165,0.2325657551460549,0.11326860841423948,5.139733320862854e-12
3.0,0.4849593963730144,0.453612061904191,0.43126562923378,0.7567321917357979,0.20064724919093851,1.0499938907088659e-229
4.0,0.0015401404526913967,0.0014888796218407593,0.0015255377626933614,0.0008978281595410989,0.18770226537216828,2.922998603524371e-149
0.0,0.3521219634964919,0.3204627184845778,0.23717982941606505,0.0820048787376059,0.14102564102564102,7.026645077542519e-39
1.0,0.02641439027851873,0.028971384846738453,0.04436029539047171,0.12366255632054748,0.042735042735042736,97.39313484709523
2.0,0.11208883673638308,0.09209697245983345,0.06453387611876281,0.2267016697950383,0.27350427350427353,2.2364679967980584e-188
3.0,0.5176276411288699,0.48558341974645536,0.4607805226245042,0.739268052444896,0.14102564102564102,0.0
4.0,0.0016328618225106624,0.0015800451554281408,0.0016196895594816011,0.0008482601790796886,0.4017094017094017,0.0
0.0,0.37181067961323444,0.34489767646988473,0.26143561464208925,0.07147947453264956,0.328042328042328,5.404106675837229e-18
1.0,0.027201153741422957,0.029796138577452707,0.04536309253002544,0.12324195990320588,0.13756613756613756,1.1991743777590681e-35
2.0,0.12398357759317982,0.1023841466001488,0.07185287612654817,0.2203428521510311,0.05291005291005291,2.764513504832005
3.0,0.5518019337628798,0.5193627926581029,0.4923952696544829,0.7209987939895145,0.38095238095238093,1.15536995377765e-52
4.0,0.0017307076190584897,0.0016763587832202792,0.001719339453389102,0.0007959527278312006,0.10052910052910052,3.9648584729032315e-41
0.0,0.3903771736580169,0.369214082880402,0.28713450068374013,0.06155399979211748,0.22957198443579765,4.0728525531366357e-13
1.0,0.0280180608811245,0.030653409976318113,0.046407512614945176,0.12280524895708372,0.0622568093385214,8.110569760011582
2.0,0.13681779129631372,0.11362969668132623,0.07997382757187449,0.21348180107602482,0.3229571984435798,3.877473174129997e-255
3.0,0.5874326119898342,0.5549569661930559,0.526202565400085,0.7019509653646449,0.0622568093385214,0.0
4.0,0.0018339225960303709,0.0017780799874991026,0.0018247874253909046,0.0007407749627502923,0.3229571984435798,0.0
0.0,0.40765480511871793,0.39315165820321274,0.3141791197106147,0.05231753898127199,0.3069306930693069,59.1320629877384
1.0,0.028866002029166362,0.031544241714309855,0.04749508225817726,0.12235194751923295,0.09900990099009901,2.983972976300615e-10
2.0,0.1505907868657339,0.12587331698152823,0.08896300567127897,0.20611888596151706,0.0891089108910891,99.97871393263702
3.0,0.6244518861074093,0.5923577197355556,0.562290514758163,0.6821608063135827,0.43564356435643564,2.1956015178486406e-68
4.0,0.0019427585760135066,0.0018854775556131844,0.001936347262177798,0.0006825922618279683,0.06930693069306931,1.942055098865069e-18
0.0,0.4235299649985444,0.4164663651294714,0.34244962424359815,0.04383082641135576,0.3464566929133858,85.16616178044734
1.0,0.02974587107320985,0.03246968917544081,0.04862736655465919,0.12188157772563779,0.04330708661417323,75.34792597942288
2.0,0.16528455677470283,0.13914507401614332,0.09888722576171691,0.19826373346353363,0.3543307086614173,4.138928140327704e-282
3.0,0.6627732494580113,0.6315403337922617,0.60074115831374,0.6616745624895335,0.04330708661417323,0.0
4.0,0.002057474067035528,0.0019988294406752,0.002054346877284261,0.0006212664290810577,0.2125984251968504,3.036889477779544e-191
0.0,0.43794244778145336,0.4389398475066219,0.37180706272577835,0.03612604739033663,0.01694915254237288,0.0
1.0,0.030658563231594223,0.0334308186419635,0.04980596847704553,0.12139366100091442,0.19915254237288135,1.3590184023570496e-95
2.0,0.1808614634460069,0.15346288866578825,0.10981264466100177,0.1899364642802001,0.4194915254237288,0.0
3.0,0.7022913098678525,0.6724622890721033,0.6416289195869405,0.6405485755667119,0.3601694915254237,0.0
4.0,0.0021783337887924517,0.0021184225494263616,0.002179128596846952,0.0005566559478263448,0.00423728813559322,95.85244512894604
0.0,0.4508818147507632,0.4603866913754283,0.40209749235510245,0.02920878235889904,0.3125,1.3680301953283293e-33
1.0,0.031604972628875905,0.03442870527884413,0.05103252809596641,0.12088771935440512,0.057692307692307696,64.17691350321336
2.0,0.1972624330309104,0.1688300070091745,0.12180334770903829,0.18116865874068583,0.25,4.2304573571618685e-70
3.0,0.7428821033538058,0.7150622265920819,0.6850190015288106,0.6188491155355801,0.09615384615384616,0.0
4.0,0.002305608100477875,0.0022445524501969972,0.002311049403367143,0.000488616286557754,0.28365384615384615,0.0
0.0,0.4623806875873536,0.48065909151730724,0.4331565332937156,0.02306159207036672,0.3551020408163265,3.472099838841273e-25
1.0,0.03258598965371769,0.035464430894237585,0.05230872159966295,0.12036327679262618,0.15510204081632653,1.289493521049702e-44
2.0,0.21440589831632614,0.18523260929677343,0.13491973849985286,0.17200392191718153,0.1346938775510204,99.94899984129688
3.0,0.7844039366582702,0.7592592385116367,0.7309657665891339,0.5966519302915583,0.3020408163265306,0.0
4.0,0.0024395722766547734,0.0023775229651093175,0.0024504811465093364,0.0004170002860585248,0.053061224489795916,7.512345232577238e-10
0.0,0.47250614957464304,0.49964882932643345,0.46481405702273926,0.017648614426409883,0.2802547770700637,1.1750557539235007e-146
1.0,0.03360249811983864,0.0365390814932265,0.053636260121617256,0.11981986083699742,0.08280254777070063,0.0202104967934506
2.0,0.23218772360757778,0.20263773429996174,0.14921676517133795,0.16249792378187503,0.16560509554140126,6.816843009188441
3.0,0.826698784985722,0.8049525545460091,0.7795111403578698,0.5740414984180862,0.20382165605095542,0.0
4.0,0.0025805057317686555,0.002517645690384489,0.0025978106664811948,0.00034165857396927304,0.267515923566879,1.6038194425265677e-303
0.0,0.4813504343859958,0.5172867719962563,0.4968987207905611,0.012920542164548469,0.27177700348432055,7.952048135359212e-219
1.0,0.034655372209111274,0.037653744599461275,0.055016888347239945,0.1192570041580342,0.05226480836236934,92.70577270004608
2.0,0.2504823052211026,0.22099171355826222,0.16474203564176004,0.15271781089380498,0.30662020905923343,3.793644857159192e-86
3.0,0.8695942462505235,0.8520216799132624,0.8306830833549883,0.5511099844639519,0.13240418118466898,0.0
4.0,0.0027286910812565086,0.0026652393982482116,0.00275343986818834,0.0002624400667103864,0.23693379790940766,6.776334370582852e-237
0.0,0.4890219079449794,0.5335403160855162,0.5292421106290837,0.00881944387163985,0.27310924369747897,1.2168873880058212e-283
1.0,0.03574547319201759,0.03880950633448118,0.056452382882713134,0.11867424632856088,0.05042016806722689,69.49772583149444
2.0,0.2691449581809896,0.24021930555779483,0.18153389265536674,0.1427409304931276,0.07142857142857142,2.237126666146783e-51
3.0,0.9129060246427256,0.9003270272724869,0.8844941786814238,0.5279559112521516,0.18907563025210083,0.0
4.0,0.002884413051936608,0.002820629307837939,0.0029177857244428286,0.00017919255197748965,0.41596638655462187,0.0
0.0,0.4956370679678438,0.5484093206568652,0.5616823202344278,0.005283040953935229,0.2676767676767677,0.0
1.0,0.03687364593061495,0.040007448254810264,0.057944550377078866,0.11807113569319286,0.3282828282828283,4.0318079e-316
2.0,0.2880155968697501,0.26022369655044314,0.19961953360532653,0.13265286285950545,0.36363636363636365,1.4729254806374524e-115
3.0,0.9564408621496028,0.9497110539846504,0.9409403909409867,0.5046825927157891,0.0,0.0
4.0,0.0030479572636753502,0.0029841462245497196,0.0030912801901031403,9.176334005099943e-05,0.04040404040404041,8.98606373327425e-05
0.0,0.5013139786886505,0.5619211061535248,0.5940668617702546,0.0022482173718561364,0.023178807947019868,0.0
1.0,0.03804071516454611,0.041248643940820326,0.05949522538232152,0.11744723135380081,0.32781456953642385,2.130655404983e-311
2.0,0.3069236752855028,0.2808875593283846,0.21901328245768073,0.12254478029664259,0.2152317880794702,86.67566714807081
3.0,0.9999999999999999,1.0,1.0,0.4813962834421764,0.31125827814569534,0.0
4.0,0.0032196088522516374,0.0031561255409970033,0.003274370019233284,0.0,0.12251655629139073,1.7740869496041479e-60
